{
	"credit": "Made with Blockbench",
	"ambientocclusion": false,
	"texture_size": [32, 32],
	"textures": {
		"0": "item/crown",
		"particle": "item/crown"
	},
	"elements": [
		{
			"from": [3.5, 0, 3.5],
			"to": [12.5, 9, 12.5],
			"rotation": {"angle": 0, "axis": "y", "origin": [4, 0, 3]},
			"faces": {
				"north": {"uv": [0, 0, 4.5, 4.5], "texture": "#0"},
				"east": {"uv": [0, 0, 4.5, 4.5], "texture": "#0"},
				"south": {"uv": [0, 0, 4.5, 4.5], "texture": "#0"},
				"west": {"uv": [0, 0, 4.5, 4.5], "texture": "#0"},
				"up": {"uv": [9.5, 0, 14, 4.5], "texture": "#0"},
				"down": {"uv": [0, 4.5, 4.5, 9], "texture": "#0"}
			}
		},
		{
			"from": [4, 0, 4],
			"to": [12, 2, 12],
			"rotation": {"angle": 0, "axis": "y", "origin": [4, 0, 4]},
			"faces": {
				"north": {"uv": [5.5, 4.5, 9.5, 5], "texture": "#0"},
				"east": {"uv": [5.5, 4.5, 9.5, 5], "texture": "#0"},
				"south": {"uv": [5.5, 4.5, 9.5, 5], "texture": "#0"},
				"west": {"uv": [5.5, 4.5, 9.5, 5], "texture": "#0"},
				"up": {"uv": [5.5, 0.5, 9.5, 4.5], "texture": "#0"},
				"down": {"uv": [4.5, 5, 8.5, 9], "texture": "#0"}
			}
		}
	],
	"display": {
		"thirdperson_righthand": {
			"translation": [0, 8, 0]
		},
		"thirdperson_lefthand": {
			"translation": [0, 8, 0]
		},
		"firstperson_righthand": {
			"translation": [0, 8, 0]
		},
		"firstperson_lefthand": {
			"translation": [0, 8, 0]
		},
		"ground": {
			"translation": [0, 5.75, 0]
		},
		"gui": {
			"rotation": [27, 28, 0],
			"translation": [0, 5.5, 0]
		},
		"head": {
			"translation": [0, 16.75, 0],
			"scale": [1.7, 1.7, 1.7]
		},
		"fixed": {
			"rotation": [-90, 0, 0],
			"translation": [0, 0, -14],
			"scale": [1.7, 1.7, 1.7]
		}
	}
}