{
	"credit": "Made with Blockbench",
	"ambientocclusion": false,
	"texture_size": [32, 32],
	"textures": {
		"0": "item/ketchup",
		"particle": "item/ketchup"
	},
	"elements": [
		{
			"from": [3.5, 0, -0.5],
			"to": [12.5, 0, 3.5],
			"rotation": {"angle": 0, "axis": "y", "origin": [-4.6, 0, -4.6]},
			"faces": {
				"north": {"uv": [0, 0, 4.5, 0], "texture": "#missing"},
				"east": {"uv": [0, 0, 2, 0], "texture": "#missing"},
				"south": {"uv": [0, 0, 4.5, 0], "texture": "#missing"},
				"west": {"uv": [0, 0, 2, 0], "texture": "#missing"},
				"up": {"uv": [4.5, 4, 9, 6], "texture": "#0"},
				"down": {"uv": [4.5, 6, 9, 4], "texture": "#0"}
			}
		},
		{
			"from": [3.5, 0, 3.5],
			"to": [12.5, 4, 12.5],
			"rotation": {"angle": 0, "axis": "y", "origin": [-4.6, 0, -4.6]},
			"faces": {
				"north": {"uv": [4.5, 0, 9, 2], "texture": "#0"},
				"east": {"uv": [4.5, 2, 9, 4], "texture": "#0"},
				"south": {"uv": [4.5, 7, 9, 9], "texture": "#0"},
				"west": {"uv": [9, 2, 4.5, 4], "texture": "#0"},
				"up": {"uv": [4.5, 4.5, 0, 0], "texture": "#0"},
				"down": {"uv": [4.5, 4.5, 0, 9], "texture": "#0"}
			}
		},
		{
			"from": [7, 4.2, 7],
			"to": [9, 4.2, 9],
			"rotation": {"angle": 0, "axis": "y", "origin": [-4.6, 0, -4.6]},
			"faces": {
				"north": {"uv": [10, 0, 11, 1], "texture": "#0"},
				"east": {"uv": [11, 0.5, 11.5, 1.5], "texture": "#0"},
				"south": {"uv": [9.5, 0.5, 10, 1.5], "texture": "#0"},
				"west": {"uv": [10, 1.5, 11, 2], "texture": "#0"},
				"up": {"uv": [10, 0.5, 11, 1.5], "texture": "#0"},
				"down": {"uv": [0, 0, 1, 1], "texture": "#missing"}
			}
		}
	],
	"display": {
		"thirdperson_righthand": {
			"translation": [0, 8, 0]
		},
		"thirdperson_lefthand": {
			"translation": [0, 8, 0]
		},
		"firstperson_righthand": {
			"translation": [0, 9, 0]
		},
		"firstperson_lefthand": {
			"translation": [0, 9, 0]
		},
		"ground": {
			"translation": [0, 4.75, 0]
		},
		"gui": {
			"rotation": [20, -160, 0],
			"translation": [0, 7, 0],
			"scale": [1.2, 1.2, 1.2]
		},
		"head": {
			"translation": [0, 15, 0],
			"scale": [1.7, 1.7, 1.7]
		},
		"fixed": {
			"rotation": [-90, 0, 0],
			"translation": [0, 2, -9.5],
			"scale": [1.25, 1.25, 1.25]
		}
	}
}