{
	"credit": "Made with Blockbench",
	"ambientocclusion": false,
	"texture_size": [32, 32],
	"textures": {
		"0": "item/majorasmask",
		"particle": "item/majorasmask"
	},
	"elements": [
		{
			"from": [11, -3, 8.05],
			"to": [14, 1.5, 8.05],
			"rotation": {"angle": 22.5, "axis": "z", "origin": [11, -1.5, 11.05]},
			"faces": {
				"north": {"uv": [10.5, 8, 13.5, 6], "rotation": 90, "texture": "#0"},
				"east": {"uv": [0, 0, 3, 0], "rotation": 270, "texture": "#missing"},
				"south": {"uv": [13.5, 8, 10.5, 6], "rotation": 270, "texture": "#0"},
				"west": {"uv": [0, 0, 3, 0], "rotation": 270, "texture": "#missing"},
				"up": {"uv": [0, 2, 0, 0], "rotation": 270, "texture": "#missing"},
				"down": {"uv": [0, 2, 0, 0], "rotation": 270, "texture": "#missing"}
			}
		},
		{
			"from": [12.05, 0, 8.05],
			"to": [16.55, 3, 8.05],
			"rotation": {"angle": -45, "axis": "z", "origin": [15.05, 0, 11.05]},
			"faces": {
				"north": {"uv": [13.5, 4, 10.5, 6], "texture": "#0"},
				"east": {"uv": [0, 0, 0, 2], "texture": "#missing"},
				"south": {"uv": [10.5, 4, 13.5, 6], "texture": "#0"},
				"west": {"uv": [0, 0, 0, 2], "texture": "#missing"},
				"up": {"uv": [3, 0, 0, 0], "texture": "#missing"},
				"down": {"uv": [3, 0, 0, 0], "texture": "#missing"}
			}
		},
		{
			"from": [14.9, 3.3, 8.05],
			"to": [19.4, 6.3, 8.05],
			"rotation": {"angle": -22.5, "axis": "z", "origin": [17.9, 3.3, 11.05]},
			"faces": {
				"north": {"uv": [13.5, 2, 10.5, 4], "texture": "#0"},
				"east": {"uv": [0, 0, 0, 2], "texture": "#missing"},
				"south": {"uv": [10.5, 4, 13.5, 2], "texture": "#0"},
				"west": {"uv": [0, 0, 0, 2], "texture": "#missing"},
				"up": {"uv": [3, 0, 0, 0], "texture": "#missing"},
				"down": {"uv": [3, 0, 0, 0], "texture": "#missing"}
			}
		},
		{
			"from": [16.4, 7.2, 8.05],
			"to": [20.9, 10.2, 8.05],
			"rotation": {"angle": 0, "axis": "z", "origin": [19.4, 7.2, 11.05]},
			"faces": {
				"north": {"uv": [14, 0, 11, 2], "texture": "#0"},
				"east": {"uv": [0, 0, 0, 2], "texture": "#missing"},
				"south": {"uv": [11, 0, 14, 2], "texture": "#0"},
				"west": {"uv": [0, 0, 0, 2], "texture": "#missing"},
				"up": {"uv": [3, 0, 0, 0], "texture": "#missing"},
				"down": {"uv": [3, 0, 0, 0], "texture": "#missing"}
			}
		},
		{
			"from": [11.15, 15.45, 8.05],
			"to": [14.15, 21.45, 8.05],
			"rotation": {"angle": 0, "axis": "z", "origin": [14.15, 19.65, 11.05]},
			"faces": {
				"north": {"uv": [10.5, 2, 14.5, 0], "rotation": 270, "texture": "#0"},
				"east": {"uv": [0, 0, 3, 0], "rotation": 90, "texture": "#missing"},
				"south": {"uv": [14.5, 2, 10.5, 0], "rotation": 90, "texture": "#0"},
				"west": {"uv": [0, 0, 3, 0], "rotation": 90, "texture": "#missing"},
				"up": {"uv": [0, 2, 0, 0], "rotation": 90, "texture": "#missing"},
				"down": {"uv": [0, 2, 0, 0], "rotation": 90, "texture": "#missing"}
			}
		},
		{
			"from": [2, -3, 8.05],
			"to": [5, 1.5, 8.05],
			"rotation": {"angle": -22.5, "axis": "z", "origin": [5, -1.5, 11.05]},
			"faces": {
				"north": {"uv": [10.5, 6, 13.5, 8], "rotation": 90, "texture": "#0"},
				"east": {"uv": [0, 0, 3, 0], "rotation": 270, "texture": "#missing"},
				"south": {"uv": [13.5, 6, 10.5, 8], "rotation": 270, "texture": "#0"},
				"west": {"uv": [0, 0, 3, 0], "rotation": 270, "texture": "#missing"},
				"up": {"uv": [0, 0, 0, 2], "rotation": 270, "texture": "#missing"},
				"down": {"uv": [0, 0, 0, 2], "rotation": 270, "texture": "#missing"}
			}
		},
		{
			"from": [-0.55, 0, 8.05],
			"to": [3.95, 3, 8.05],
			"rotation": {"angle": 45, "axis": "z", "origin": [0.95, 0, 11.05]},
			"faces": {
				"north": {"uv": [10.5, 4, 13.5, 6], "texture": "#0"},
				"east": {"uv": [0, 0, 0, 2], "texture": "#missing"},
				"south": {"uv": [13.5, 4, 10.5, 6], "texture": "#0"},
				"west": {"uv": [0, 0, 0, 2], "texture": "#missing"},
				"up": {"uv": [0, 0, 3, 0], "texture": "#missing"},
				"down": {"uv": [0, 0, 3, 0], "texture": "#missing"}
			}
		},
		{
			"from": [-3.4, 3.3, 8.05],
			"to": [1.1, 6.3, 8.05],
			"rotation": {"angle": 22.5, "axis": "z", "origin": [-1.9, 3.3, 11.05]},
			"faces": {
				"north": {"uv": [10.5, 2, 13.5, 4], "texture": "#0"},
				"east": {"uv": [0, 0, 0, 2], "texture": "#missing"},
				"south": {"uv": [13.5, 2, 10.5, 4], "texture": "#0"},
				"west": {"uv": [0, 0, 0, 2], "texture": "#missing"},
				"up": {"uv": [0, 0, 3, 0], "texture": "#missing"},
				"down": {"uv": [0, 0, 3, 0], "texture": "#missing"}
			}
		},
		{
			"from": [-4.9, 7.2, 8.05],
			"to": [-0.4, 10.2, 8.05],
			"rotation": {"angle": 0, "axis": "z", "origin": [-3.4, 7.2, 11.05]},
			"faces": {
				"north": {"uv": [11, 0, 14, 2], "texture": "#0"},
				"east": {"uv": [0, 0, 0, 2], "texture": "#missing"},
				"south": {"uv": [14, 0, 11, 2], "texture": "#0"},
				"west": {"uv": [0, 0, 0, 2], "texture": "#missing"},
				"up": {"uv": [0, 0, 3, 0], "texture": "#missing"},
				"down": {"uv": [0, 0, 3, 0], "texture": "#missing"}
			}
		},
		{
			"from": [1.85, 15.45, 8.05],
			"to": [4.85, 21.45, 8.05],
			"rotation": {"angle": 0, "axis": "z", "origin": [1.85, 19.65, 11.05]},
			"faces": {
				"north": {"uv": [10.5, 0, 14.5, 2], "rotation": 270, "texture": "#0"},
				"east": {"uv": [0, 0, 3, 0], "rotation": 90, "texture": "#missing"},
				"south": {"uv": [14.5, 0, 10.5, 2], "rotation": 90, "texture": "#0"},
				"west": {"uv": [0, 0, 3, 0], "rotation": 90, "texture": "#missing"},
				"up": {"uv": [0, 0, 0, 2], "rotation": 90, "texture": "#missing"},
				"down": {"uv": [0, 0, 0, 2], "rotation": 90, "texture": "#missing"}
			}
		},
		{
			"from": [-0.7, 6.15, 7.75],
			"to": [6.8, 13.65, 7.75],
			"rotation": {"angle": 0, "axis": "y", "origin": [-0.7, 10.65, 7.75]},
			"faces": {
				"north": {"uv": [0.5, 0, 5, 4.5], "texture": "#0"}
			}
		},
		{
			"from": [9.2, 6.15, 7.75],
			"to": [16.7, 13.65, 7.75],
			"rotation": {"angle": 0, "axis": "y", "origin": [16.7, 10.65, 7.75]},
			"faces": {
				"north": {"uv": [5, 0, 0.5, 4.5], "texture": "#0"},
				"east": {"uv": [2, 0, 3, 2.5], "texture": "#missing"},
				"south": {"uv": [5, 0, 7.5, 2.5], "texture": "#missing"},
				"west": {"uv": [2, 0, 3, 2.5], "texture": "#missing"},
				"up": {"uv": [5, 0, 7.5, 1], "texture": "#missing"},
				"down": {"uv": [5, 0, 7.5, 1], "texture": "#missing"}
			}
		},
		{
			"from": [8, -1.5, 7.9],
			"to": [17, 16.5, 7.9],
			"rotation": {"angle": 0, "axis": "y", "origin": [15.5, 3, 7.9]},
			"faces": {
				"north": {"uv": [5, 0, 10, 10], "texture": "#0"},
				"east": {"uv": [0, 0, 0, 4.5], "texture": "#missing"},
				"south": {"uv": [10, 0, 5, 10], "texture": "#0"},
				"west": {"uv": [0, 0, 0, 4.5], "texture": "#missing"},
				"up": {"uv": [0, 0, 5, 0], "texture": "#missing"},
				"down": {"uv": [0, 0, 5, 0], "texture": "#missing"}
			}
		},
		{
			"from": [-1, -1.5, 7.9],
			"to": [8, 16.5, 7.9],
			"rotation": {"angle": 0, "axis": "y", "origin": [0.5, 3, 7.9]},
			"faces": {
				"north": {"uv": [10, 0, 5, 10], "texture": "#0"},
				"east": {"uv": [0, 0, 0, 4.5], "texture": "#missing"},
				"south": {"uv": [5, 0, 10, 10], "texture": "#0"},
				"west": {"uv": [0, 0, 0, 4.5], "texture": "#missing"},
				"up": {"uv": [5, 0, 0, 0], "texture": "#missing"},
				"down": {"uv": [5, 0, 0, 0], "texture": "#missing"}
			}
		}
	],
	"display": {
		"thirdperson_righthand": {
			"rotation": [45, 0, 0],
			"scale": [0.7, 0.7, 0.7]
		},
		"thirdperson_lefthand": {
			"rotation": [45, 0, 0],
			"scale": [0.7, 0.7, 0.7]
		},
		"firstperson_righthand": {
			"rotation": [0, 160, 0],
			"translation": [0, 2.75, -0.5],
			"scale": [0.7, 0.7, 0.7]
		},
		"firstperson_lefthand": {
			"rotation": [0, 160, 0],
			"translation": [-0.5, 2.75, 0],
			"scale": [0.7, 0.7, 0.7]
		},
		"ground": {
			"translation": [0, 7.25, 0],
			"scale": [0.7, 0.7, 0.7]
		},
		"gui": {
			"rotation": [0, 180, 0]
		},
		"head": {
			"translation": [0, 0.25, -7.25],
			"scale": [1.1, 1.1, 1.1]
		},
		"fixed": {
			"translation": [0, 0, -0.5],
			"scale": [1.2, 1.2, 1.2]
		}
	},
	"groups": [
		{
			"name": "Spikes",
			"origin": [8, 8, 8],
			"color": 0,
			"children": [0, 1, 2, 3, 4, 5, 6, 7, 8, 9]
		},
		10,
		11,
		12,
		13
	]
}