{
	"credit": "Made with Blockbench",
	"ambientocclusion": false,
	"texture_size": [32, 32],
	"textures": {
		"0": "item/sailor",
		"particle": "item/sailor"
	},
	"elements": [
		{
			"from": [3.5, 0, 3.5],
			"to": [12.5, 5, 12.5],
			"rotation": {"angle": 0, "axis": "y", "origin": [0, 0, 4]},
			"faces": {
				"north": {"uv": [0, 1, 4.5, 3.5], "texture": "#0"},
				"east": {"uv": [0, 1, 4.5, 3.5], "texture": "#0"},
				"south": {"uv": [0, 1, 4.5, 3.5], "texture": "#0"},
				"west": {"uv": [0, 1, 4.5, 3.5], "texture": "#0"},
				"down": {"uv": [0, 4, 4.5, 8.5], "texture": "#0"}
			}
		},
		{
			"from": [4, 0, 4],
			"to": [12, 6, 12],
			"rotation": {"angle": 0, "axis": "y", "origin": [4, 0, 4]},
			"faces": {
				"north": {"uv": [12, 1, 16, 4], "texture": "#0"},
				"east": {"uv": [12, 1, 16, 4], "texture": "#0"},
				"south": {"uv": [12, 1, 16, 4], "texture": "#0"},
				"west": {"uv": [12, 1, 16, 4], "texture": "#0"},
				"up": {"uv": [8, 0, 12, 4], "texture": "#0"}
			}
		},
		{
			"from": [5.5, 0, 3.3],
			"to": [10.5, 5, 3.3],
			"rotation": {"angle": 0, "axis": "y", "origin": [6, 0, 3.3]},
			"faces": {
				"north": {"uv": [4.5, 0, 8, 3.5], "texture": "#0"},
				"east": {"uv": [0, 0, 0, 1], "texture": "#missing"},
				"south": {"uv": [0, 0, 1, 1], "texture": "#missing"},
				"west": {"uv": [0, 0, 0, 1], "texture": "#missing"},
				"up": {"uv": [0, 0, 1, 0], "texture": "#missing"},
				"down": {"uv": [0, 0, 1, 0], "texture": "#missing"}
			}
		}
	],
	"display": {
		"thirdperson_righthand": {
			"translation": [0, 8, 0]
		},
		"thirdperson_lefthand": {
			"translation": [0, 8, 0]
		},
		"firstperson_righthand": {
			"translation": [0, 8, 0]
		},
		"firstperson_lefthand": {
			"translation": [0, 8, 0]
		},
		"ground": {
			"translation": [0, 5.5, 0]
		},
		"gui": {
			"rotation": [25, -160, 0],
			"translation": [0, 4.25, 0]
		},
		"head": {
			"translation": [0, 14.25, 0]
		},
		"fixed": {
			"rotation": [-90, 0, 0],
			"translation": [0, 0, -14],
			"scale": [1.7, 1.7, 1.7]
		}
	}
}