{
	"parent": "minecraft:block/orientable",

	"textures": {
		"front": "minecraft:block/carved_pumpkin",
		"side": "minecraft:block/pumpkin_side",
		"top": "minecraft:block/pumpkin_top"
	  },


	"overrides":[
		{
			"predicate":{
				"custom_model_data":1000
			},
				"model": "hats/tophat"
		},
		{
			"predicate":{
				"custom_model_data":1001
			},
				"model": "hats/majorasmask"
		},
		{
			"predicate":{
				"custom_model_data":1002
			},
				"model": "hats/ketchup"
		},
		{
			"predicate":{
				"custom_model_data":1003
			},
				"model": "hats/crown"
		},
		{
			"predicate":{
				"custom_model_data":1004
			},
				"model": "hats/sailor"
		}
	]
}