{"stats":{"minecraft:picked_up":{"minecraft:crafting_table":3,"minecraft:torchflower_seeds":1,"minecraft:lantern":3,"minecraft:sniffer_egg":1,"minecraft:carved_pumpkin":61},"minecraft:custom":{"minecraft:time_since_rest":170647,"minecraft:inspect_dropper":1,"minecraft:interact_with_furnace":8,"minecraft:sprint_one_cm":183987,"minecraft:damage_taken":402,"minecraft:walk_one_cm":452263,"minecraft:animals_bred":1,"minecraft:drop":13,"minecraft:damage_dealt":10,"minecraft:interact_with_crafting_table":5,"minecraft:fly_one_cm":124493,"minecraft:crouch_one_cm":4471,"minecraft:play_time":201055,"minecraft:deaths":3,"minecraft:sneak_time":1828,"minecraft:jump":313,"minecraft:interact_with_blast_furnace":3,"minecraft:leave_game":15,"minecraft:time_since_death":170607,"minecraft:total_world_time":1360439,"minecraft:interact_with_smoker":1},"minecraft:used":{"minecraft:redstone_torch":1,"minecraft:glass":4,"minecraft:enchanting_table":5,"minecraft:torchflower":4,"minecraft:dropper":2,"minecraft:lantern":11,"minecraft:wither_skeleton_skull":1,"minecraft:grass_block":34,"minecraft:light_gray_concrete":288,"minecraft:carved_pumpkin":196,"minecraft:armor_stand":18,"minecraft:dispenser":3,"minecraft:powered_rail":5,"minecraft:cartography_table":1,"minecraft:chicken_spawn_egg":1,"minecraft:axolotl_spawn_egg":4,"minecraft:sniffer_egg":1,"minecraft:fletching_table":2,"minecraft:stonecutter":1,"minecraft:calibrated_sculk_sensor":1,"minecraft:barrel":4,"minecraft:item_frame":7,"minecraft:snow_golem_spawn_egg":1,"minecraft:golden_apple":2,"minecraft:glow_item_frame":14,"minecraft:torch":1,"minecraft:brewing_stand":2,"minecraft:glowstone":27,"minecraft:dirt":40,"minecraft:sniffer_spawn_egg":2,"minecraft:tall_grass":1,"minecraft:crafting_table":65,"minecraft:loom":1,"minecraft:furnace":61,"minecraft:grindstone":1,"minecraft:smithing_table":1,"minecraft:phantom_spawn_egg":6,"minecraft:blast_furnace":9,"minecraft:gray_concrete":27,"minecraft:dragon_head":1,"minecraft:observer":8,"minecraft:smoker":4,"minecraft:jukebox":1,"minecraft:large_fern":1,"minecraft:soul_torch":2,"minecraft:experience_bottle":3},"minecraft:dropped":{"minecraft:crafting_table":3,"minecraft:carved_pumpkin":8,"minecraft:lantern":2}},"DataVersion":3465}